pos,refactoring actions,nsgaii,nsgaii,nsgaii
,,c258,c223,baseline
1,Move_Component_New_Node,0.0,0.0,0.028282828282828285
2,Move_Operation_Component,1.0,0.0,0.09898989898989899
3,Move_Operation_New_Component_New_Node,0.0,1.0,0.8404040404040404
4,UMLCloneNode,0.0,0.0,0.03232323232323232
1,Move_Component_New_Node,0.0,0.0,0.026262626262626262
2,Move_Operation_Component,1.0,0.0,0.07272727272727272
3,Move_Operation_New_Component_New_Node,0.0,1.0,0.8707070707070707
4,UMLCloneNode,0.0,0.0,0.030303030303030304
1,Move_Component_New_Node,0.00604839,0.028225806451612902,0.04040404040404041
2,Move_Operation_Component,0.36491935,0.4536290322580645,0.06464646464646465
3,Move_Operation_New_Component_New_Node,0.62903226,0.5100806451612904,0.8545454545454545
4,UMLCloneNode,0.0,0.008064516129032258,0.04040404040404041
1,Move_Component_New_Node,0.004032258064516129,0.024193548387096774,0.01818181818181818
2,Move_Operation_Component,0.3346774193548387,0.5080645161290323,0.3292929292929293
3,Move_Operation_New_Component_New_Node,0.6592741935483871,0.45564516129032256,0.6363636363636364
4,UMLCloneNode,0.0020161290322580645,0.012096774193548387,0.01616161616161616
